Protein,datatype,MTFE,Rs,Sd,Frame,Sequence,length,kappa,FCR,NCPR,Hydrophobicity,Expanding,delta
0.33fl,ee,0.0,1.547692817031273,0.0231563027148828,28000.0,,,,,,,,
r1,ee,-3.0,2.2636780567179837,0.3347988557740253,28000.0,,,,,,,,
r1,ee,-2.0,2.874597155143108,0.0487899258089472,28000.0,,,,,,,,
r1,ee,-1.0,3.083218885893268,0.0424241784730837,28000.0,,,,,,,,
r1,ee,0.0,3.40387316425464,0.029433213528875,28000.0,,,,,,,,
r1,ee,1.0,3.66709696294048,0.0290810460838682,28000.0,,,,,,,,
r1,ee,2.0,3.82123992994002,0.0244661031415212,28000.0,,,,,,,,
r1,ee,3.0,4.002845582299999,0.0179729209987215,28000.0,,,,,,,,
fl,ee,-3.0,2.25966354828115,0.1690889092476842,28000.0,,,,,,,,
fl,ee,-2.0,2.744588068208524,0.3619284530870661,28000.0,,,,,,,,
fl,ee,-1.0,3.1900808100657803,0.0912280381549389,28000.0,,,,,,,,
fl,ee,0.0,3.4642332752389566,0.0430815587489073,28000.0,,,,,,,,
fl,ee,1.0,3.7852847748036895,0.0453606203857344,28000.0,,,,,,,,
fl,ee,2.0,3.961332389336612,0.0356250062438364,28000.0,,,,,,,,
fl,ee,3.0,4.1549161234444805,0.0226611227729472,28000.0,,,,,,,,
2fl,ee,0.0,5.845012128329703,0.1115502771931673,28000.0,,,,,,,,
r2,ee,-3.0,1.609265471158283,0.1873815940188908,28000.0,,,,,,,,
r2,ee,-2.0,2.0760097867410097,0.2862740453713364,28000.0,,,,,,,,
r2,ee,-1.0,2.587237729736737,0.3072111287489548,28000.0,,,,,,,,
r2,ee,0.0,3.34802440000219,0.022790598726594,28000.0,,,,,,,,
r2,ee,1.0,3.8182635015483415,0.0429886064512619,28000.0,,,,,,,,
r2,ee,2.0,4.044678629434534,0.0244494832607931,28000.0,,,,,,,,
r2,ee,3.0,4.239698324331216,0.0178043028522346,28000.0,,,,,,,,
0.5fl,ee,0.0,1.8303479614960296,0.0173645226669313,28000.0,,,,,,,,
0.33fl,rg,0.0,0.7888187349130059,0.0041198385852475,28000.0,,,,,,,,
r1,rg,-3.0,1.1375909769709436,0.0902725876259844,28000.0,,,,,,,,
r1,rg,-2.0,1.3203479549480408,0.0208076349522896,28000.0,,,,,,,,
r1,rg,-1.0,1.4006400456729249,0.0170039766410874,28000.0,,,,,,,,
r1,rg,0.0,1.4965581757877784,0.0131791960849805,28000.0,,,,,,,,
r1,rg,1.0,1.5747633515697437,0.006388323371953,28000.0,,,,,,,,
r1,rg,2.0,1.621999444470254,0.0096329106847312,28000.0,,,,,,,,
r1,rg,3.0,1.670382047377835,0.0068719386147396,28000.0,,,,,,,,
fl,rg,-3.0,1.1352258863601383,0.0512166690298826,28000.0,,,,,,,,
fl,rg,-2.0,1.2443037838230342,0.0809990085380547,28000.0,,,,,,,,
fl,rg,-1.0,1.3673425620126296,0.0141531148966317,28000.0,,,,,,,,
fl,rg,0.0,1.4505808811479848,0.0203773727457302,28000.0,,,,,,,,
fl,rg,1.0,1.5421174578020975,0.0146117471837913,28000.0,,,,,,,,
fl,rg,2.0,1.6030928412003618,0.0082040803503947,28000.0,,,,,,,,
fl,rg,3.0,1.6598158826388971,0.0072172174826174,28000.0,,,,,,,,
2fl,rg,0.0,2.328465746153006,0.0215436718254115,28000.0,,,,,,,,
r2,rg,-3.0,1.01443801521637,0.0097752267393118,28000.0,,,,,,,,
r2,rg,-2.0,1.1053235971918614,0.0422353549307355,28000.0,,,,,,,,
r2,rg,-1.0,1.227056947632029,0.0540842758308211,28000.0,,,,,,,,
r2,rg,0.0,1.4344221635928287,0.007424486322098,28000.0,,,,,,,,
r2,rg,1.0,1.5739602432400082,0.0129144605421535,28000.0,,,,,,,,
r2,rg,2.0,1.6447284692858175,0.0104916503813139,28000.0,,,,,,,,
r2,rg,3.0,1.7019292722633934,0.0038110641819223,28000.0,,,,,,,,
0.5fl,rg,0.0,0.9331899796688096,0.0046638751891985,28000.0,,,,,,,,
0.33fl,HB,0.0,0.1854525526119616,0.0058260492501548,28000.0,,,,,,,,
r1,HB,-3.0,0.2356541226833757,0.0234969519142044,28000.0,,,,,,,,
r1,HB,-2.0,0.1601354522440736,0.0222657370877134,28000.0,,,,,,,,
r1,HB,-1.0,0.1244702894818772,0.017295448177021,28000.0,,,,,,,,
r1,HB,0.0,0.1032722972974816,0.0092200147678291,28000.0,,,,,,,,
r1,HB,1.0,0.0870578368192883,0.0053488030757504,28000.0,,,,,,,,
r1,HB,2.0,0.0751556009096783,0.0036183567702785,28000.0,,,,,,,,
r1,HB,3.0,0.0688005014425973,0.0041106947645573,28000.0,,,,,,,,
fl,HB,-3.0,0.2291584344690942,0.0405645886478686,28000.0,,,,,,,,
fl,HB,-2.0,0.1892476332631498,0.0659872812011326,28000.0,,,,,,,,
fl,HB,-1.0,0.1180064845851036,0.0065739815379153,28000.0,,,,,,,,
fl,HB,0.0,0.1017605123916641,0.0080297499831968,28000.0,,,,,,,,
fl,HB,1.0,0.0820965506143545,0.0055025161137773,28000.0,,,,,,,,
fl,HB,2.0,0.0738456322383853,0.0060866294868905,28000.0,,,,,,,,
fl,HB,3.0,0.0619172112841637,0.000538710918353,28000.0,,,,,,,,
2fl,HB,0.0,0.0807616356701686,0.00450249610276,28000.0,,,,,,,,
r2,HB,-3.0,0.2180025963094539,0.0099457393204746,28000.0,,,,,,,,
r2,HB,-2.0,0.1903602898747581,0.0552771401574112,28000.0,,,,,,,,
r2,HB,-1.0,0.1476352454281286,0.0132102446866595,28000.0,,,,,,,,
r2,HB,0.0,0.0938784138719716,0.0041477872265986,28000.0,,,,,,,,
r2,HB,1.0,0.0734837505276681,0.0035005797096746,28000.0,,,,,,,,
r2,HB,2.0,0.0647093549505267,0.0012442018463869,28000.0,,,,,,,,
r2,HB,3.0,0.0595792729898771,0.0007231874674508,28000.0,,,,,,,,
0.5fl,HB,0.0,0.1375224095883957,0.0044684583369097,28000.0,,,,,,,,
0.33fl,helix,0.0,0.0493999999999999,0.0041709255445235,28000.0,,,,,,,,
r1,helix,-3.0,0.1258428571428571,0.1064658760989927,28000.0,,,,,,,,
r1,helix,-2.0,0.062197619047619,0.063818787557164,28000.0,,,,,,,,
r1,helix,-1.0,0.0201,0.0163731495942611,28000.0,,,,,,,,
r1,helix,0.0,0.0291142857142857,0.0148275627963844,28000.0,,,,,,,,
r1,helix,1.0,0.0214642857142857,0.009418988824808,28000.0,,,,,,,,
r1,helix,2.0,0.0092809523809523,0.0062624244420424,28000.0,,,,,,,,
r1,helix,3.0,0.0076142857142857,0.004956656307603,28000.0,,,,,,,,
fl,helix,-3.0,0.0617523809523809,0.0173715792363388,28000.0,,,,,,,,
fl,helix,-2.0,0.0414773809523809,0.0187547487372775,28000.0,,,,,,,,
fl,helix,-1.0,0.0351511904761904,0.006374918855915,28000.0,,,,,,,,
fl,helix,0.0,0.0229630952380952,0.0082094203586316,28000.0,,,,,,,,
fl,helix,1.0,0.0147595238095238,0.0041127993312344,28000.0,,,,,,,,
fl,helix,2.0,0.0100392857142857,0.0044770464448802,28000.0,,,,,,,,
fl,helix,3.0,0.0051095238095238,0.0004101661283363,28000.0,,,,,,,,
2fl,helix,0.0,0.0176553571428571,0.0045801354219364,28000.0,,,,,,,,
r2,helix,-3.0,0.0324416666666666,0.0543297263433271,28000.0,,,,,,,,
r2,helix,-2.0,0.005720238095238,0.0056632330033194,28000.0,,,,,,,,
r2,helix,-1.0,0.0100523809523809,0.00557498296775,28000.0,,,,,,,,
r2,helix,0.0,0.0078464285714285,0.0047216179001734,28000.0,,,,,,,,
r2,helix,1.0,0.0035880952380952,0.0013008329029881,28000.0,,,,,,,,
r2,helix,2.0,0.0027678571428571,0.0015429818346879,28000.0,,,,,,,,
r2,helix,3.0,0.0016607142857142,0.0004006929584342,28000.0,,,,,,,,
0.5fl,helix,0.0,0.031797619047619,0.0054113330622134,28000.0,,,,,,,,
0.33fl,beta,0.0,0.0158571428571428,0.0083656378527685,28000.0,,,,,,,,
r1,beta,-3.0,0.044125,0.0472892161626493,28000.0,,,,,,,,
r1,beta,-2.0,0.0415809523809523,0.0413023678102683,28000.0,,,,,,,,
r1,beta,-1.0,0.0276809523809523,0.0136810711742559,28000.0,,,,,,,,
r1,beta,0.0,0.0073678571428571,0.0016778821195273,28000.0,,,,,,,,
r1,beta,1.0,0.0061666666666666,0.001722003337162,28000.0,,,,,,,,
r1,beta,2.0,0.0056523809523809,0.0022119667516558,28000.0,,,,,,,,
r1,beta,3.0,0.0021809523809523,0.0004222332242867,28000.0,,,,,,,,
fl,beta,-3.0,0.0563059523809523,0.034296191252243,28000.0,,,,,,,,
fl,beta,-2.0,0.0320035714285714,0.0151396592722497,28000.0,,,,,,,,
fl,beta,-1.0,0.0149273809523809,0.0048397257165399,28000.0,,,,,,,,
fl,beta,0.0,0.0160642857142857,0.005800934077181,28000.0,,,,,,,,
fl,beta,1.0,0.0090071428571428,0.0032150335329376,28000.0,,,,,,,,
fl,beta,2.0,0.0044035714285714,0.001547695739858,28000.0,,,,,,,,
fl,beta,3.0,0.0021357142857142,0.0006965989819999,28000.0,,,,,,,,
2fl,beta,0.0,0.0172666666666666,0.0064438893781209,28000.0,,,,,,,,
r2,beta,-3.0,0.092322619047619,0.0339961355784552,28000.0,,,,,,,,
r2,beta,-2.0,0.086825,0.0497138198983832,28000.0,,,,,,,,
r2,beta,-1.0,0.0484297619047619,0.0150434175352363,28000.0,,,,,,,,
r2,beta,0.0,0.0189440476190476,0.0046965013724817,28000.0,,,,,,,,
r2,beta,1.0,0.0087488095238095,0.0033389551869354,28000.0,,,,,,,,
r2,beta,2.0,0.0039619047619047,0.0014369459397579,28000.0,,,,,,,,
r2,beta,3.0,0.0021523809523809,0.0004661820248273,28000.0,,,,,,,,
0.5fl,beta,0.0,0.0190595238095238,0.0058265570457005,28000.0,,,,,,,,
0.33fl,feature,,,,,KVSSKRIPYA,10.0,0.17000000000000018,0.3,0.3,3.8699999999999997,0.4,0.009444444444444453
r1,feature,,,,,KPSKSPKSISPKPALDPGFPYVNREQKVKI,30.0,0.11067667352620747,0.3,0.16666666666666666,3.479999999999999,0.5,0.019295135591431888
fl,feature,,,,,KVSSKRIPYAPSGEIPKFSLQDPPNKKPKV,30.0,0.25251482871323083,0.3,0.16666666666666666,3.48,0.5,0.04402289754141606
2fl,feature,,,,,KVSSKRIPYAPSGEIPKFSLQDPPNKKPKVKVSSKRIPYAPSGEIPKFSLQDPPNKKPKV,60.0,0.2420252389537059,0.3,0.16666666666666666,3.479999999999998,0.5,0.05070315144389219
r2,feature,,,,,DKKPYVFLSPNPKSPIKVQKKPSEAGRPIS,30.0,0.1850320784408667,0.3,0.16666666666666666,3.48,0.5,0.03225809855439485
0.5fl,feature,,,,,KVSSKRIPYAPSGEI,15.0,0.5377049180327871,0.26666666666666666,0.13333333333333333,3.9600000000000004,0.4,0.053838383838383866
